Feel it Still - Portugal The Man,https://www.youtube.com/watch?v=pBkHHoOIIn8
Barbie Tingz - Nicki Minaj,https://www.youtube.com/watch?v=eppa0RXRU-I
Chun Li - Nicki Minaj,https://www.youtube.com/watch?v=Wpm07-BGJnE
I Cant Wait - Nu Shooz,https://www.youtube.com/watch?v=UJ1tBVtYOBc
Joywave - How do you feel now?
Prenderemos Fuego al Cielo - Francisca Valenzuela
Kyary Pamyu Pamyu - PONPONPON,https://www.youtube.com/watch?v=pb3IdLdIc6s
Iggy Pop - The Passenger,https://www.youtube.com/watch?v=S0nlygb1Qfw
Converge (American Rock),https://www.youtube.com/watch?v=mIJB-9xeyq8
She Wants Revenge (American Rock),https://www.youtube.com/watch?v=SZD0PA5rqZs
bright eyes (emo),https://www.youtube.com/watch?v=xUBYzpCNQ1I
Keris Neris (Jazz),https://www.youtube.com/watch?v=IITSa7ATd_I
The Cardigans - Gran Turismo,https://www.youtube.com/watch?v=OdAH_bjvu1A
Move your love on me
perfect Mason vs Princess Superstar
touch me Rui Da Silva (tiesto mix?)
infinity Josh project (tiesto mix?)
tiesto live albums
Dont you forget about me - Simple Minds,https://www.youtube.com/watch?v=CdqoNKCCt7A
Grey Boy Allstars
良曲ベスト集 - x Japan
Blue Boy - Remember Me
숨 Breath (feat. Choi Sam)
mf doom
Halo 3 soundtrack
Animal Collective - My Girls,https://www.youtube.com/watch?v=DRFlyfcbcFM
ラ・ム・ネ (ra-mu-ne),https://soundcloud.com/ujico/ramune
Africa Funk - The Original Sound of 70´s ( Full Album ) 2000,https://www.youtube.com/watch?v=U3IlJuaAi8g
Gabor Szabo - Dreams (1968) [full album] ,https://www.youtube.com/watch?v=gr0XWmEbiMQ
Generace Y - Majk Spirit; Ewa Farna,https://www.youtube.com/watch?v=1AtG5AFoRWE
Murderers - John Frusciante,https://www.youtube.com/watch?v=oMGgi4VhfQo
Arañas en La Sombra - Omar Rodriguez-Lopez,https://www.youtube.com/watch?v=YNxRra4AfY8
Holy Grail - JAY Z Justin Timberlake
Laysha 레이샤
Crazy - 4Minute
BOOMBAYAH - BLACKPINK
Roll Deep Cause I'm a good girl - Hyuna Il Hoon Jung
Ah Yeah - EXID, AH YEAH
Vibrato - Stellar
Dumb Dumb - Red Velvet
Heart Attack - AOA
Feeling Myself - Nicki Minaj Beyoncé
Owl - Big Block Singsong
Pajama Time! - The Laurie Berkner Band
Devils Nightmare - Oxide And Neutrino
Rasputin - Boney M
Break Stuff - Limp Bizkit
Stimela (Coal Train) - Hugh Masekela
Outro - M83
Ego - Burial Four Tet Thom Yorke
Hideaway - Kiesza
212 - Azealia Banks,https://www.youtube.com/watch?v=i3Jv9fNPjgk
F For You - Disclosure
Bright Lights Bigger City - CeeLo Green
Its a Long Way to the Top (If You Wanna Rock N Roll) - AC/DC
Danger Zone - Kenny Loggins
Karma Chameleon - Culture Club
Girls Just Want to Have Fun - Cyndi Lauper
True - Spandau Ballet
You Give Love A Bad Name - Bon Jovi
Relax - Frankie Goes To Hollywood
Dont You Want Me - The Human League
You Get What You Give - New Radicals
Time Of The Season - The Zombies
You Never Can Tell - Chuck Berry
The Times They Are A-Changin - Bob Dylan
Gantz Graf - Autechre
Invisible Light - Rachel Sage
Shut Up I Am Dreaming Of Places Where Lovers Have Wings - Sunset Rubdown
Do You Feel It - Chaos Chaos,https://www.youtube.com/watch?v=pTA0DSfrGZ0
Puretone - Addicted To Bass,https://www.youtube.com/watch?v=jU4VuN9EW9U